{
    "spring": {
        "energy": {
            "std": 0.22802395197481015,
            "raw": [0.118455, 0.377194, 0.754887, 0.796553, 0.802272, 0.884541, 0.724552, 0.502152, 0.753522, 0.477661, 0.754161, 0.688209, 0.650208, 0.225652, 0.405793, 0.280177, 0.434328, 0.136442, 0.098913, 0.367736, 0.440231, 0.83442, 0.475123, 0.708424, 0.655834, 0.699824, 0.472128, 0.27476, 0.247949, 0.473762, 0.267749, 0.198882, 0.330835, 0.283379, 0.307913, 0.345934, 0.557189, 0.557542, 0.377395, 0.651856, 0.847676, 0.8738, 0.76079, 0.803888, 0.650066, 0.954606, 0.853352, 0.60856, 0.743992, 0.769088, 0.798359, 0.482568, 0.657875, 0.281968, 0.616278, 0.414685, 0.816138],
            "mean": 0.54961799999999994
        },
        "tempo": {
            "std": 25.348609385543337,
            "raw": [84.917, 129.028, 100.398, 175.928, 130.023, 164.144, 160.792, 124.888, 132.127, 118.296, 156.014, 129.942, 92.742, 79.998, 119.0, 102.061, 138.019, 90.99, 109.898, 116.197, 147.312, 111.113, 102.477, 84.879, 129.027, 105.001, 162.247, 113.081, 108.017, 78.328, 150.228, 92.004, 89.957, 146.64, 88.043, 132.043, 176.232, 91.193, 110.367, 122.017, 124.086, 150.785, 117.436, 153.681, 92.01, 130.09, 93.987, 146.022, 100.66, 81.975, 124.994, 93.458, 100.006, 130.018, 112.761, 132.008, 126.991],
            "mean": 119.41361403508773
        },
        "mode": {
            "std": 0.30689220499185793,
            "raw": [1, 1, 1, 1, 1, 1, 1, 1, 1, 1, 1, 1, 1, 1, 1, 1, 1, 0, 1, 1, 1, 0, 1, 1, 0, 1, 1, 1, 1, 1, 1, 1, 1, 1, 1, 1, 1, 1, 1, 1, 1, 1, 1, 1, 1, 0, 1, 0, 1, 1, 1, 0, 1, 1, 1, 1, 1],
            "mean": 0.89473684210526316
        },
        "key": {
            "std": 3.3709785612562668,
            "raw": [7, 6, 4, 10, 2, 7, 9, 0, 0, 0, 4, 0, 6, 8, 10, 7, 7, 4, 0, 7, 9, 1, 7, 0, 9, 4, 9, 0, 1, 0, 1, 2, 7, 7, 0, 3, 2, 5, 6, 2, 4, 5, 2, 11, 11, 7, 5, 1, 0, 5, 3, 6, 0, 6, 8, 4, 0],
            "mean": 4.4035087719298245
        },
        "loudness": {
            "std": 3.8171214697148854,
            "raw": [-17.363, -12.626, -8.173, -5.968, -6.098, -7.259, -2.285, -9.101, -7.276, -9.432, -7.264, -6.371, -9.801, -10.371, -10.535, -10.181, -9.782, -23.798, -14.51, -9.978, -8.709, -9.195, -7.452, -7.832, -15.128, -5.772, -8.84, -13.166, -12.562, -13.019, -10.586, -10.306, -9.843, -11.871, -12.035, -11.13, -9.153, -10.452, -15.488, -6.973, -6.273, -6.006, -7.241, -6.665, -6.481, -4.447, -5.734, -8.226, -5.067, -4.467, -4.844, -8.915, -7.699, -19.546, -6.925, -11.387, -6.595],
            "mean": -9.3719649122807009
        },
        "danceability": {
            "std": 0.12288023711742201,
            "raw": [0.407766, 0.650096, 0.472761, 0.261054, 0.636547, 0.526096, 0.399653, 0.522731, 0.579313, 0.718042, 0.597006, 0.562069, 0.410882, 0.679329, 0.576951, 0.527796, 0.44607, 0.601312, 0.712439, 0.656485, 0.473202, 0.688266, 0.270456, 0.420872, 0.608123, 0.623283, 0.522931, 0.310019, 0.196017, 0.51176, 0.494225, 0.463663, 0.529466, 0.509056, 0.392796, 0.544069, 0.527891, 0.486286, 0.757825, 0.524862, 0.62641, 0.417705, 0.492156, 0.474754, 0.583837, 0.534048, 0.505787, 0.5531, 0.479994, 0.319638, 0.526844, 0.73755, 0.751836, 0.673296, 0.410601, 0.570252, 0.658393],
            "mean": 0.52834503508771924
        }
    },
    "summer": {
        "energy": {
            "std": 0.17317885143463582,
            "raw": [0.526614, 0.720829, 0.806233, 0.969348, 0.565643, 0.780726, 0.796595, 0.748836, 0.432112, 0.874138, 0.505515, 0.810398, 0.990308, 0.567666, 0.824507, 0.783372, 0.429813, 0.774528, 0.849016, 0.707416, 0.540015, 0.877165, 0.646551, 0.54481, 0.53387, 0.535492, 0.566045, 0.781811, 0.56216, 0.967289, 0.931312, 0.857274, 0.783139, 0.804321, 0.826853, 0.631128, 0.861591, 0.99059, 0.549352, 0.703043, 0.640909, 0.932013, 0.545036, 0.460879, 0.592654, 0.808286, 0.873754, 0.862087, 0.787706, 0.518446, 0.297724, 0.366724, 0.83141, 0.748812, 0.938223, 0.655582, 0.915909, 0.874822, 0.753956, 0.887587, 0.744488, 0.810545, 0.790292, 0.9316, 0.682025, 0.884549, 0.644479, 0.744037, 0.902683, 0.688009, 0.673959, 0.71481, 0.587528, 0.417797, 0.385785, 0.35041, 0.553525, 0.725399, 0.316941, 0.804287, 0.640042, 0.935794],
            "mean": 0.70949910975609753
        },
        "tempo": {
            "std": 24.886397435419465,
            "raw": [116.014, 103.02, 144.04, 97.497, 100.929, 117.912, 149.895, 140.129, 147.574, 89.596, 126.957, 94.948, 88.433, 145.002, 161.954, 107.991, 124.019, 189.943, 127.95, 99.945, 94.013, 81.042, 105.592, 115.97, 107.384, 104.35, 131.74, 92.341, 96.595, 116.45, 129.162, 126.432, 116.989, 98.362, 132.8, 138.946, 136.389, 165.556, 98.583, 93.199, 87.353, 112.937, 90.536, 96.346, 82.56, 152.098, 129.073, 82.125, 97.249, 113.24, 128.022, 153.408, 154.713, 88.208, 150.054, 135.967, 122.007, 140.009, 110.16, 116.022, 94.018, 154.903, 162.024, 160.013, 78.525, 135.047, 95.006, 120.006, 124.846, 127.196, 108.184, 130.173, 167.611, 87.203, 84.937, 76.9, 134.844, 101.854, 127.44, 126.091, 110.639, 134.983],
            "mean": 118.7825975609756
        },
        "mode": {
            "std": 0.35344821332169363,
            "raw": [1, 1, 1, 1, 0, 1, 1, 1, 1, 1, 1, 1, 1, 1, 1, 1, 1, 1, 0, 1, 1, 1, 0, 1, 1, 0, 1, 1, 1, 1, 1, 0, 0, 1, 1, 1, 1, 1, 1, 1, 1, 1, 1, 1, 1, 1, 1, 0, 1, 1, 1, 1, 1, 1, 1, 1, 1, 0, 1, 0, 1, 1, 1, 1, 1, 1, 1, 1, 1, 1, 1, 1, 1, 1, 1, 1, 1, 1, 1, 0, 0, 0],
            "mean": 0.85365853658536583
        },
        "key": {
            "std": 3.5622491875557389,
            "raw": [10, 7, 7, 0, 0, 9, 4, 8, 0, 0, 5, 4, 5, 1, 1, 0, 1, 4, 8, 9, 7, 1, 2, 1, 8, 4, 0, 0, 0, 0, 3, 4, 6, 2, 0, 9, 0, 7, 4, 9, 9, 11, 2, 9, 9, 9, 2, 3, 0, 5, 6, 9, 9, 2, 0, 9, 5, 1, 4, 2, 7, 11, 10, 2, 9, 8, 10, 4, 5, 5, 10, 5, 0, 5, 1, 7, 2, 2, 2, 9, 11, 6],
            "mean": 4.7195121951219514
        },
        "loudness": {
            "std": 3.5187295352283106,
            "raw": [-9.008, -6.418, -5.008, -4.542, -6.968, -5.337, -6.734, -6.857, -8.815, -7.014, -17.94, -4.473, -1.409, -8.313, -7.001, -7.381, -9.668, -8.788, -6.048, -6.877, -7.725, -4.574, -7.009, -9.178, -8.179, -6.49, -10.86, -9.781, -15.593, -1.917, -5.009, -9.28, -9.04, -8.175, -4.059, -12.939, -7.06, -6.205, -13.111, -9.783, -18.291, -10.068, -11.314, -12.063, -9.675, -8.859, -4.65, -4.018, -6.233, -12.374, -13.477, -14.716, -7.637, -7.168, -6.366, -4.479, -5.399, -7.472, -7.47, -4.846, -6.369, -7.681, -6.227, -4.876, -16.03, -3.89, -7.849, -6.912, -4.958, -6.258, -5.039, -6.584, -7.983, -9.796, -8.377, -9.796, -9.13, -4.671, -20.347, -5.648, -6.408, -5.467],
            "mean": -8.0175243902439046
        },
        "danceability": {
            "std": 0.1150898301045352,
            "raw": [0.521999, 0.51112, 0.587891, 0.424688, 0.580579, 0.559259, 0.548616, 0.604233, 0.438556, 0.616679, 0.65522, 0.449604, 0.439905, 0.541066, 0.447706, 0.618072, 0.586747, 0.377875, 0.711424, 0.659246, 0.58843, 0.552454, 0.347754, 0.615109, 0.693005, 0.564796, 0.599871, 0.732412, 0.516176, 0.379931, 0.385741, 0.544143, 0.83951, 0.565459, 0.578059, 0.790629, 0.537766, 0.259315, 0.456135, 0.445481, 0.17025, 0.564493, 0.408631, 0.345443, 0.353076, 0.474881, 0.412078, 0.662473, 0.416074, 0.387397, 0.48005, 0.442966, 0.387117, 0.504526, 0.569168, 0.49204, 0.579262, 0.504746, 0.373773, 0.599289, 0.598848, 0.644399, 0.420883, 0.413368, 0.422764, 0.508175, 0.446195, 0.532189, 0.654723, 0.492061, 0.555452, 0.666687, 0.383848, 0.499692, 0.576946, 0.524562, 0.431997, 0.476604, 0.443896, 0.400606, 0.676883, 0.540512],
            "mean": 0.5159961463414634
        }
    },
    "winter": {
        "energy": {
            "std": 0.18524156294794977,